order_id,consumer_first_class,consumer_same_day,consumer_second_class,consumer_standard_class,consumer_total,corporate_first_class,corporate_same_day,corporate_second_class,corporate_standard_class,corporate_total,home_office_first_class,home_office_same_day,home_office_second_class,home_office_standard_class,home_office_total
CA-2011-100293,0,0,0,0,0,0,0,0,0,0,0,0,0,0,0
CA-2011-100706,0,0,0,0,129.44,0,0,0,0,0,0,0,0,0,0
CA-2011-100895,0,0,0,69.48,479.625,0,0,0,0,0,0,0,0,0,0
CA-2011-100916,0,0,0,0,0,0,0,0,0,43.38,0,0,0,0,0
CA-2011-101266,0,0,0,0,13.36,0,0,0,0,0,0,0,0,0,0
CA-2011-101560,0,0,0,0,0,0,0,0,0,43.38,0,0,0,0,0
CA-2011-101770,0,0,0,0,0,0,0,0,0,1.869,0,0,0,0,0
CA-2011-102274,0,0,0,0,0,0,0,0,0,43.38,0,0,0,0,0
CA-2011-102673,0,0,0,0,0,0,0,0,0,43.38,0,0,0,0,0
CA-2011-102988,0,0,0,0,0,0,0,0,0,43.38,0,0,0,0,0
CA-2011-103317,0,0,0,0,0,0,0,0,0,43.38,0,0,0,0,0
CA-2011-103366,0,0,0,0,149.95,0,0,0,0,0,0,0,0,0,0
CA-2011-103807,0,0,0,0,0,0,0,0,0,21.19,0,0,0,0,0
CA-2011-103989,0,0,0,0,0,0,0,0,0,43.38,0,0,0,0,0
CA-2011-104283,0,0,0,69.48,479.625,0,0,0,0,0,0,0,0,0,0
CA-2011-106054,0,0,0,0,0,0,0,0,0,12.78,0,0,0,0,0
CA-2011-106810,0,0,0,0,0,0,0,0,0,43.38,0,0,0,0,0
CA-2011-107573,0,0,0,23.472,23.472,0,0,0,0,0,0,0,0,0,0
CA-2011-107811,0,0,0,0,0,0,0,0,0,43.38,0,0,0,0,0
CA-2011-108707,0,0,0,0,0,0,0,0,0,0,0,0,0,0,0
CA-2011-109043,0,0,0,0,243.6,0,0,0,0,0,0,0,0,0,0
CA-2011-109232,0,0,0,0,479.625,0,0,0,0,0,0,0,0,0,0
CA-2011-110100,0,0,0,69.48,302.376,0,0,0,0,0,0,0,0,0,0
CA-2011-110408,0,0,0,0,0,0,0,0,0,43.38,0,0,0,0,0
CA-2011-110422,0,0,0,0,25.248,0,0,0,0,0,0,0,0,0,0
CA-2011-111500,0,0,0,0,0,0,0,0,0,43.38,0,0,0,0,0
CA-2011-111934,0,0,0,0,0,0,0,0,0,43.38,0,0,0,0,0
CA-2011-112718,0,0,0,0,0,0,0,0,0,1.167,0,0,0,0,0
CA-2011-113047,0,0,0,0,11.85,0,0,0,0,0,0,0,0,0,0
CA-2011-113166,0,0,0,0,9.568,0,0,0,0,0,0,0,0,0,0
CA-2011-114314,0,0,0,0,0,0,0,0,0,16.23,0,0,0,0,0
CA-2011-114321,0,0,0,0,0,0,0,0,0,43.38,0,0,0,0,0
CA-2011-114335,0,0,0,69.48,337.088,0,0,0,0,0,0,0,0,0,0
CA-2011-114790,0,0,0,0,0,0,0,0,0,43.38,0,0,0,0,0
CA-2011-115084,0,0,0,0,0,0,0,0,0,43.38,0,0,0,0,0
CA-2011-115357,0,0,0,0,62.91,0,0,0,0,0,0,0,0,0,0
CA-2011-116190,0,0,0,69.48,256.48,0,0,0,0,0,0,0,0,0,0
CA-2011-116239,0,0,0,0,354.9,0,0,0,0,0,0,0,0,0,0
CA-2011-116407,0,0,0,69.48,362.176,0,0,0,0,0,0,0,0,0,0
CA-2011-116568,0,0,0,69.48,186.304,0,0,0,0,0,0,0,0,0,0
CA-2011-117016,0,0,0,15.552,15.552,0,0,0,0,0,0,0,0,0,0
CA-2011-117345,0,0,0,0,0,0,0,0,0,43.38,0,0,0,0,0
CA-2011-117639,0,0,0,0,0,0,0,0,0,43.38,0,0,0,0,0
CA-2011-120432,0,0,0,0,0,0,0,0,0,25.5,0,0,0,0,0
CA-2011-120670,0,0,0,0,0,0,0,0,0,0,0,0,0,0,0
CA-2011-120768,0,0,0,0,479.625,0,0,0,0,0,0,0,0,0,0
CA-2011-120950,0,0,0,43.68,43.68,0,0,0,0,0,0,0,0,0,0
CA-2011-121286,0,0,0,0,0,0,0,0,0,43.38,0,0,0,0,0
CA-2011-122217,0,0,0,0,0,0,0,0,0,0,0,0,0,0,0
CA-2011-123400,0,0,0,69.48,199.296,0,0,0,0,0,0,0,0,0,0
CA-2011-123925,0,0,0,0,40.05,0,0,0,0,0,0,0,0,0,0
CA-2011-124023,0,0,0,0,8.96,0,0,0,0,0,0,0,0,0,0
CA-2011-124618,0,0,0,0,479.625,0,0,0,0,0,0,0,0,0,0
CA-2011-124688,0,0,0,0,0,0,0,0,0,43.38,0,0,0,0,0
CA-2011-125136,0,0,0,0,0,0,0,0,0,43.38,0,0,0,0,0
CA-2011-125682,0,0,0,0,0,0,0,0,0,9.96,0,0,0,0,0
CA-2011-127299,0,0,0,69.48,479.625,0,0,0,0,0,0,0,0,0,0
CA-2011-127488,0,0,0,0,4.608,0,0,0,0,0,0,0,0,0,0
CA-2011-127614,0,0,0,69.48,479.625,0,0,0,0,0,0,0,0,0,0
CA-2011-128839,0,0,0,69.48,254.97,0,0,0,0,0,0,0,0,0,0
CA-2011-128846,0,0,0,0,0,0,0,0,0,43.38,0,0,0,0,0
CA-2011-129091,0,0,0,0,0,0,0,0,0,43.38,0,0,0,0,0
CA-2011-129819,0,0,0,0,0,0,0,0,0,12.39,0,0,0,0,0
CA-2011-130155,0,0,0,0,34.2,0,0,0,0,0,0,0,0,0,0
CA-2011-130428,0,0,0,0,479.625,0,0,0,0,0,0,0,0,0,0
CA-2011-130918,0,0,0,0,7.632,0,0,0,0,0,0,0,0,0,0
CA-2011-131527,0,0,0,69.48,95.968,0,0,0,0,0,0,0,0,0,0
CA-2011-131541,0,0,0,0,193.152,0,0,0,0,0,0,0,0,0,0
CA-2011-131905,0,0,0,0,0,0,0,0,0,43.38,0,0,0,0,0
CA-2011-132010,0,0,0,0,0,0,0,0,0,0,0,0,0,0,0
CA-2011-132612,0,0,0,0,479.625,0,0,0,0,0,0,0,0,0,0
CA-2011-133634,0,0,0,0,0,0,0,0,0,0,0,0,0,0,0
CA-2011-134551,0,0,0,69.48,479.625,0,0,0,0,0,0,0,0,0,0
CA-2011-134621,0,0,0,0,0,0,0,0,0,0,0,0,0,0,0
CA-2011-136336,0,0,0,0,0,0,0,0,0,43.38,0,0,0,0,0
CA-2011-136567,0,0,0,0,0,0,0,0,0,0,0,0,0,0,0
CA-2011-136861,0,0,0,0,31.984,0,0,0,0,0,0,0,0,0,0
CA-2011-137911,0,0,0,0,0,0,0,0,0,43.38,0,0,0,0,0
CA-2011-138296,0,0,0,24.56,24.56,0,0,0,0,0,0,0,0,0,0
CA-2011-138527,0,0,0,0,0,0,0,0,0,43.38,0,0,0,0,0
CA-2011-138709,0,0,0,37.44,37.44,0,0,0,0,0,0,0,0,0,0
CA-2011-140165,0,0,0,0,0,0,0,0,0,0,0,0,0,0,0
CA-2011-140886,0,0,0,69.216,69.216,0,0,0,0,0,0,0,0,0,0
CA-2011-142727,0,0,0,0,69.9,0,0,0,0,0,0,0,0,0,0
CA-2011-142951,0,0,0,0,23.472,0,0,0,0,0,0,0,0,0,0
CA-2011-143182,0,0,0,15.384,15.384,0,0,0,0,0,0,0,0,0,0
CA-2011-143840,0,0,0,69.48,180.93,0,0,0,0,0,0,0,0,0,0
CA-2011-145317,0,0,0,0,0,0,0,0,0,0,0,0,0,0,0
CA-2011-145576,0,0,0,0,26.128,0,0,0,0,0,0,0,0,0,0
CA-2011-146731,0,0,0,69.48,147.344,0,0,0,0,0,0,0,0,0,0
CA-2011-146885,0,0,0,0,0,0,0,0,0,13.62,0,0,0,0,0
CA-2011-148285,0,0,0,0,0,0,0,0,0,0,0,0,0,0,0
CA-2011-148425,0,0,0,0,0,0,0,0,0,6.642,0,0,0,0,0
CA-2011-149020,0,0,0,0,0,0,0,0,0,43.38,0,0,0,0,0
CA-2011-149538,0,0,0,0,0,0,0,0,0,43.38,0,0,0,0,0
CA-2011-149958,0,0,0,69.48,370.782,0,0,0,0,0,0,0,0,0,0
CA-2011-151953,0,0,0,0,0,0,0,0,0,2.816,0,0,0,0,0
CA-2011-151967,0,0,0,0,0,0,0,0,0,43.38,0,0,0,0,0
CA-2011-152254,0,0,0,0,310.688,0,0,0,0,0,0,0,0,0,0
CA-2011-152268,0,0,0,69.48,479.625,0,0,0,0,0,0,0,0,0,0
CA-2011-152562,0,0,0,0,0,0,0,0,0,43.38,0,0,0,0,0
CA-2011-152849,0,0,0,0,0,0,0,0,0,4.368,0,0,0,0,0
CA-2011-153087,0,0,0,0,0,0,0,0,0,43.38,0,0,0,0,0
CA-2011-153913,0,0,0,0,0,0,0,0,0,43.38,0,0,0,0,0
CA-2011-153927,0,0,0,0,286.65,0,0,0,0,0,0,0,0,0,0
CA-2011-154158,0,0,0,0,479.625,0,0,0,0,0,0,0,0,0,0
CA-2011-155208,0,0,0,0,0,0,0,0,0,39.072,0,0,0,0,0
CA-2011-155390,0,0,0,42.208,42.208,0,0,0,0,0,0,0,0,0,0
CA-2011-155852,0,0,0,0,19.456,0,0,0,0,0,0,0,0,0,0
CA-2011-156006,0,0,0,0,47.79,0,0,0,0,0,0,0,0,0,0
CA-2011-156244,0,0,0,0,0,0,0,0,0,0,0,0,0,0,0
CA-2011-156790,0,0,0,0,155.456,0,0,0,0,0,0,0,0,0,0
CA-2011-157609,0,0,0,0,0,0,0,0,0,0,0,0,0,0,0
CA-2011-157784,0,0,0,0,479.625,0,0,0,0,0,0,0,0,0,0
CA-2011-158274,0,0,0,0,0,0,0,0,0,0,0,0,0,0,0
CA-2011-158470,0,0,0,0,129.33,0,0,0,0,0,0,0,0,0,0
CA-2011-158771,0,0,0,0,0,0,0,0,0,43.38,0,0,0,0,0
CA-2011-159184,0,0,0,69.48,149.56,0,0,0,0,0,0,0,0,0,0
CA-2011-159681,0,0,0,69.48,105.52,0,0,0,0,0,0,0,0,0,0
CA-2011-160094,0,0,0,0,479.625,0,0,0,0,0,0,0,0,0,0
CA-2011-160276,0,0,0,0,0,0,0,0,0,43.38,0,0,0,0,0
CA-2011-160773,0,0,0,0,0,0,0,0,0,43.38,0,0,0,0,0
CA-2011-161634,0,0,0,32.4,32.4,0,0,0,0,0,0,0,0,0,0
CA-2011-162775,0,0,0,0,0,0,0,0,0,43.38,0,0,0,0,0
CA-2011-163013,0,0,0,14.67,14.67,0,0,0,0,0,0,0,0,0,0
CA-2011-163223,0,0,0,0,0,0,0,0,0,43.38,0,0,0,0,0
CA-2011-163293,0,0,0,0,0,0,0,0,0,43.38,0,0,0,0,0
CA-2011-164315,0,0,0,69.48,479.625,0,0,0,0,0,0,0,0,0,0
CA-2011-164749,0,0,0,0,9.912,0,0,0,0,0,0,0,0,0,0
CA-2011-164910,0,0,0,0,0,0,0,0,0,7.872,0,0,0,0,0
CA-2011-165764,0,0,0,69.48,479.625,0,0,0,0,0,0,0,0,0,0
CA-2011-165806,0,0,0,0,0,0,0,0,0,0,0,0,0,0,0
CA-2011-166051,0,0,0,69.48,479.625,0,0,0,0,0,0,0,0,0,0
CA-2011-166457,0,0,0,0,40.54,0,0,0,0,0,0,0,0,0,0
CA-2011-166730,0,0,0,0,39.128,0,0,0,0,0,0,0,0,0,0
CA-2011-167199,0,0,0,0,0,0,0,0,0,0,0,0,0,0,0
CA-2011-167850,0,0,0,0,0,0,0,0,0,43.38,0,0,0,0,0
CA-2011-169257,0,0,0,63.381,63.381,0,0,0,0,0,0,0,0,0,0
CA-2011-169684,0,0,0,0,0,0,0,0,0,43.38,0,0,0,0,0
CA-2011-169775,0,0,0,0,479.625,0,0,0,0,0,0,0,0,0,0
CA-2012-100769,0,0,0,0,0,0,0,0,0,0,0,0,0,0,0
CA-2012-100888,0,0,0,47.952,47.952,0,0,0,0,0,0,0,0,0,0
CA-2012-101868,0,0,0,69.48,175.32,0,0,0,0,0,0,0,0,0,0
CA-2012-102260,0,0,0,0,0,0,0,0,0,0,0,0,0,0,0
CA-2012-102491,0,0,0,69.48,479.625,0,0,0,0,0,0,0,0,0,0
CA-2012-102582,0,0,0,69.48,479.625,0,0,0,0,0,0,0,0,0,0
CA-2012-102722,0,0,0,0,106.5,0,0,0,0,0,0,0,0,0,0
CA-2012-102778,0,0,0,0,18.176,0,0,0,0,0,0,0,0,0,0
CA-2012-103093,0,0,0,69.48,74.52,0,0,0,0,0,0,0,0,0,0
CA-2012-103135,0,0,0,0,0,0,0,0,0,0,0,0,0,0,0
CA-2012-103772,0,0,0,0,0,0,0,0,0,0,0,0,0,0,0
CA-2012-103793,0,0,0,0,0,0,0,0,0,43.38,0,0,0,0,0
CA-2012-103870,0,0,0,0,0,0,0,0,0,43.38,0,0,0,0,0
CA-2012-104038,0,0,0,0,0,0,0,0,0,43.38,0,0,0,0,0
CA-2012-104115,0,0,0,55.984,55.984,0,0,0,0,0,0,0,0,0,0
CA-2012-104241,0,0,0,0,0,0,0,0,0,43.38,0,0,0,0,0
CA-2012-104941,0,0,0,0,0,0,0,0,0,43.38,0,0,0,0,0
CA-2012-105571,0,0,0,0,0,0,0,0,0,43.38,0,0,0,0,0
CA-2012-106187,0,0,0,0,0,0,0,0,0,43.38,0,0,0,0,0
CA-2012-107678,0,0,0,69.48,479.625,0,0,0,0,0,0,0,0,0,0
CA-2012-108119,0,0,0,69.48,301.96,0,0,0,0,0,0,0,0,0,0
CA-2012-108259,0,0,0,0,0,0,0,0,0,43.38,0,0,0,0,0
CA-2012-109386,0,0,0,0,479.625,0,0,0,0,0,0,0,0,0,0
CA-2012-109470,0,0,0,0,0,0,0,0,0,43.38,0,0,0,0,0
CA-2012-109708,0,0,0,0,0,0,0,0,0,43.38,0,0,0,0,0
CA-2012-110247,0,0,0,8.226,8.226,0,0,0,0,0,0,0,0,0,0
CA-2012-110345,0,0,0,0,4.608,0,0,0,0,0,0,0,0,0,0
CA-2012-110947,0,0,0,0,0,0,0,0,0,0,0,0,0,0,0
CA-2012-111199,0,0,0,69.48,115.296,0,0,0,0,0,0,0,0,0,0
CA-2012-111703,0,0,0,27.504,27.504,0,0,0,0,0,0,0,0,0,0
CA-2012-112375,0,0,0,69.48,78.192,0,0,0,0,0,0,0,0,0,0
CA-2012-113628,0,0,0,0,0,0,0,0,0,43.38,0,0,0,0,0
CA-2012-114300,0,0,0,69.48,371.66,0,0,0,0,0,0,0,0,0,0
CA-2012-114503,0,0,0,69.48,84.96,0,0,0,0,0,0,0,0,0,0
CA-2012-115091,0,0,0,0,0,0,0,0,0,0,0,0,0,0,0
CA-2012-115847,0,0,0,0,0,0,0,0,0,0,0,0,0,0,0
CA-2012-115938,0,0,0,69.48,479.625,0,0,0,0,0,0,0,0,0,0
CA-2012-116638,0,0,0,0,479.625,0,0,0,0,0,0,0,0,0,0
CA-2012-116750,0,0,0,0,0,0,0,0,0,12.158,0,0,0,0,0
CA-2012-117828,0,0,0,0,194.32,0,0,0,0,0,0,0,0,0,0
CA-2012-117884,0,0,0,0,479.625,0,0,0,0,0,0,0,0,0,0
CA-2012-118444,0,0,0,69.48,387.136,0,0,0,0,0,0,0,0,0,0
CA-2012-118843,0,0,0,69.48,199.86,0,0,0,0,0,0,0,0,0,0
CA-2012-119480,0,0,0,69.48,364.07,0,0,0,0,0,0,0,0,0,0
CA-2012-119592,0,0,0,0,0,0,0,0,0,3.76,0,0,0,0,0
CA-2012-119634,0,0,0,46.152,46.152,0,0,0,0,0,0,0,0,0,0
CA-2012-120516,0,0,0,5.64,5.64,0,0,0,0,0,0,0,0,0,0
CA-2012-120621,0,0,0,69.48,479.625,0,0,0,0,0,0,0,0,0,0
CA-2012-120845,0,0,0,0,0,0,0,0,0,22.549,0,0,0,0,0
CA-2012-121552,0,0,0,0,0,0,0,0,0,19.56,0,0,0,0,0
CA-2012-121720,0,0,0,0,0,0,0,0,0,43.38,0,0,0,0,0
CA-2012-122168,0,0,0,0,0,0,0,0,0,43.38,0,0,0,0,0
CA-2012-122266,0,0,0,69.48,194.1395,0,0,0,0,0,0,0,0,0,0
CA-2012-123092,0,0,0,69.48,288.85,0,0,0,0,0,0,0,0,0,0
CA-2012-123330,0,0,0,69.48,107.976,0,0,0,0,0,0,0,0,0,0
CA-2012-125066,0,0,0,0,0,0,0,0,0,43.38,0,0,0,0,0
CA-2012-125563,0,0,0,69.48,121.888,0,0,0,0,0,0,0,0,0,0
CA-2012-125696,0,0,0,0,0,0,0,0,0,0,0,0,0,0,0
CA-2012-125976,0,0,0,69.48,479.625,0,0,0,0,0,0,0,0,0,0
CA-2012-128027,0,0,0,0,269.49,0,0,0,0,0,0,0,0,0,0
CA-2012-128083,0,0,0,0,0,0,0,0,0,43.38,0,0,0,0,0
CA-2012-128139,0,0,0,69.48,365.91,0,0,0,0,0,0,0,0,0,0
CA-2012-128958,0,0,0,0,0,0,0,0,0,0,0,0,0,0,0
CA-2012-129098,0,0,0,30.84,30.84,0,0,0,0,0,0,0,0,0,0
CA-2012-130218,0,0,0,0,59.48,0,0,0,0,0,0,0,0,0,0
CA-2012-131422,0,0,0,0,0,0,0,0,0,43.38,0,0,0,0,0
CA-2012-132318,0,0,0,0,182.91,0,0,0,0,0,0,0,0,0,0
CA-2012-133242,0,0,0,69.48,479.625,0,0,0,0,0,0,0,0,0,0
CA-2012-133396,0,0,0,0,0,0,0,0,0,43.38,0,0,0,0,0
CA-2012-133977,0,0,0,0,0,0,0,0,0,0,0,0,0,0,0
CA-2012-134257,0,0,0,0,479.625,0,0,0,0,0,0,0,0,0,0
CA-2012-134719,0,0,0,69.48,479.625,0,0,0,0,0,0,0,0,0,0
CA-2012-134782,0,0,0,69.48,105.42,0,0,0,0,0,0,0,0,0,0
CA-2012-134894,0,0,0,69.48,436.86,0,0,0,0,0,0,0,0,0,0
CA-2012-134992,0,0,0,0,0,0,0,0,0,0,0,0,0,0,0
CA-2012-135510,0,0,0,0,0,0,0,0,0,0,0,0,0,0,0
CA-2012-136147,0,0,0,69.48,233.064,0,0,0,0,0,0,0,0,0,0
CA-2012-136224,0,0,0,0,10.272,0,0,0,0,0,0,0,0,0,0
CA-2012-137106,0,0,0,0,0,0,0,0,0,43.38,0,0,0,0,0
CA-2012-137281,0,0,0,0,0,0,0,0,0,6.48,0,0,0,0,0
CA-2012-137974,0,0,0,0,479.625,0,0,0,0,0,0,0,0,0,0
CA-2012-138457,0,0,0,13.092,13.092,0,0,0,0,0,0,0,0,0,0
CA-2012-138625,0,0,0,0,197.72,0,0,0,0,0,0,0,0,0,0
CA-2012-140718,0,0,0,0,0,0,0,0,0,43.38,0,0,0,0,0
CA-2012-140830,0,0,0,0,0,0,0,0,0,0,0,0,0,0,0
CA-2012-141145,0,0,0,69.48,87.168,0,0,0,0,0,0,0,0,0,0
CA-2012-141327,0,0,0,0,440.144,0,0,0,0,0,0,0,0,0,0
CA-2012-141565,0,0,0,69.48,479.625,0,0,0,0,0,0,0,0,0,0
CA-2012-141754,0,0,0,0,0,0,0,0,0,0,0,0,0,0,0
CA-2012-142202,0,0,0,0,0,0,0,0,0,43.38,0,0,0,0,0
CA-2012-142755,0,0,0,69.48,479.625,0,0,0,0,0,0,0,0,0,0
CA-2012-143119,0,0,0,69.48,479.625,0,0,0,0,0,0,0,0,0,0
CA-2012-143532,0,0,0,14.496,14.496,0,0,0,0,0,0,0,0,0,0
CA-2012-144288,0,0,0,19.584,19.584,0,0,0,0,0,0,0,0,0,0
CA-2012-145324,0,0,0,0,0,0,0,0,0,0,0,0,0,0,0
CA-2012-145352,0,0,0,69.48,479.625,0,0,0,0,0,0,0,0,0,0
CA-2012-147011,0,0,0,0,0,0,0,0,0,13.632,0,0,0,0,0
CA-2012-147102,0,0,0,0,0,0,0,0,0,43.38,0,0,0,0,0
CA-2012-147529,0,0,0,0,0,0,0,0,0,43.38,0,0,0,0,0
CA-2012-147879,0,0,0,45.68,45.68,0,0,0,0,0,0,0,0,0,0
CA-2012-148705,0,0,0,5.04,5.04,0,0,0,0,0,0,0,0,0,0
CA-2012-149300,0,0,0,0,32.985,0,0,0,0,0,0,0,0,0,0
CA-2012-149342,0,0,0,0,0,0,0,0,0,43.38,0,0,0,0,0
CA-2012-149734,0,0,0,0,0,0,0,0,0,43.38,0,0,0,0,0
CA-2012-150308,0,0,0,0,0,0,0,0,0,43.38,0,0,0,0,0
CA-2012-150560,0,0,0,0,196.62,0,0,0,0,0,0,0,0,0,0
CA-2012-150749,0,0,0,0,5.56,0,0,0,0,0,0,0,0,0,0
CA-2012-151547,0,0,0,69.48,88.96,0,0,0,0,0,0,0,0,0,0
CA-2012-151624,0,0,0,0,0,0,0,0,0,21.36,0,0,0,0,0
CA-2012-153038,0,0,0,0,0,0,0,0,0,43.38,0,0,0,0,0
CA-2012-153325,0,0,0,0,58.72,0,0,0,0,0,0,0,0,0,0
CA-2012-153535,0,0,0,69.48,169.544,0,0,0,0,0,0,0,0,0,0
CA-2012-153549,0,0,0,0,0,0,0,0,0,0,0,0,0,0,0
CA-2012-153626,0,0,0,5.16,5.16,0,0,0,0,0,0,0,0,0,0
CA-2012-153752,0,0,0,0,173.94,0,0,0,0,0,0,0,0,0,0
CA-2012-154291,0,0,0,0,0,0,0,0,0,43.38,0,0,0,0,0
CA-2012-154746,0,0,0,0,0,0,0,0,0,43.38,0,0,0,0,0
CA-2012-154921,0,0,0,0,0,0,0,0,0,43.38,0,0,0,0,0
CA-2012-155068,0,0,0,0,78.456,0,0,0,0,0,0,0,0,0,0
CA-2012-155453,0,0,0,0,0,0,0,0,0,4.608,0,0,0,0,0
CA-2012-155600,0,0,0,0,479.625,0,0,0,0,0,0,0,0,0,0
CA-2012-155635,0,0,0,48.81,48.81,0,0,0,0,0,0,0,0,0,0
CA-2012-156328,0,0,0,69.48,177.48,0,0,0,0,0,0,0,0,0,0
CA-2012-156734,0,0,0,0,0,0,0,0,0,43.38,0,0,0,0,0
CA-2012-158148,0,0,0,36.27,36.27,0,0,0,0,0,0,0,0,0,0
CA-2012-158323,0,0,0,0,0,0,0,0,0,17.088,0,0,0,0,0
CA-2012-158421,0,0,0,69.48,479.625,0,0,0,0,0,0,0,0,0,0
CA-2012-160059,0,0,0,0,0,0,0,0,0,0,0,0,0,0,0
CA-2012-160696,0,0,0,0,0,0,0,0,0,7.24,0,0,0,0,0
CA-2012-161445,0,0,0,0,0,0,0,0,0,43.38,0,0,0,0,0
CA-2012-161998,0,0,0,0,0,0,0,0,0,43.38,0,0,0,0,0
CA-2012-162201,0,0,0,0,0,0,0,0,0,43.38,0,0,0,0,0
CA-2012-162537,0,0,0,69.48,104.51,0,0,0,0,0,0,0,0,0,0
CA-2012-162761,0,0,0,50.462,50.462,0,0,0,0,0,0,0,0,0,0
CA-2012-163237,0,0,0,0,0,0,0,0,0,43.38,0,0,0,0,0
CA-2012-163923,0,0,0,0,0,0,0,0,0,0,0,0,0,0,0
CA-2012-163965,0,0,0,69.48,377.902,0,0,0,0,0,0,0,0,0,0
CA-2012-164427,0,0,0,0,0,0,0,0,0,43.38,0,0,0,0,0
CA-2012-165414,0,0,0,0,47.976,0,0,0,0,0,0,0,0,0,0
CA-2012-165624,0,0,0,69.48,479.625,0,0,0,0,0,0,0,0,0,0
CA-2012-166604,0,0,0,0,0,0,0,0,0,17.94,0,0,0,0,0
CA-2012-166975,0,0,0,0,0,0,0,0,0,43.38,0,0,0,0,0
CA-2012-167696,0,0,0,31.12,31.12,0,0,0,0,0,0,0,0,0,0
CA-2012-168004,0,0,0,0,0,0,0,0,0,43.38,0,0,0,0,0
CA-2012-168459,0,0,0,58.05,58.05,0,0,0,0,0,0,0,0,0,0
CA-2012-169572,0,0,0,0,0,0,0,0,0,43.38,0,0,0,0,0
CA-2012-169677,0,0,0,0,0,0,0,0,0,9.82,0,0,0,0,0
CA-2012-169733,0,0,0,0,9.952,0,0,0,0,0,0,0,0,0,0
CA-2012-169740,0,0,0,29.99,29.99,0,0,0,0,0,0,0,0,0,0
CA-2013-100307,0,0,0,0,0,0,0,0,0,0,0,0,0,0,0
CA-2013-101378,0,0,0,0,29,0,0,0,0,0,0,0,0,0,0
CA-2013-101469,0,0,0,7.7,7.7,0,0,0,0,0,0,0,0,0,0
CA-2013-101525,0,0,0,0,140.52,0,0,0,0,0,0,0,0,0,0
CA-2013-102092,0,0,0,0,479.625,0,0,0,0,0,0,0,0,0,0
CA-2013-102162,0,0,0,69.48,479.625,0,0,0,0,0,0,0,0,0,0
CA-2013-102498,0,0,0,0,73.2,0,0,0,0,0,0,0,0,0,0
CA-2013-104157,0,0,0,69.48,479.625,0,0,0,0,0,0,0,0,0,0
CA-2013-104276,0,0,0,69.48,447.783,0,0,0,0,0,0,0,0,0,0
CA-2013-105256,0,0,0,0,479.625,0,0,0,0,0,0,0,0,0,0
CA-2013-105662,0,0,0,0,0,0,0,0,0,0,0,0,0,0,0
CA-2013-105753,0,0,0,0,0,0,0,0,0,0,0,0,0,0,0
CA-2013-106558,0,0,0,0,0,0,0,0,0,43.38,0,0,0,0,0
CA-2013-106894,0,0,0,0,107.83,0,0,0,0,0,0,0,0,0,0
CA-2013-106950,0,0,0,69.48,479.625,0,0,0,0,0,0,0,0,0,0
CA-2013-108105,0,0,0,69.48,323.88,0,0,0,0,0,0,0,0,0,0
CA-2013-108567,0,0,0,2.694,2.694,0,0,0,0,0,0,0,0,0,0
CA-2013-108616,0,0,0,69.48,298.83,0,0,0,0,0,0,0,0,0,0
CA-2013-109344,0,0,0,0,0,0,0,0,0,0,0,0,0,0,0
CA-2013-109407,0,0,0,0,0,0,0,0,0,31.36,0,0,0,0,0
CA-2013-109722,0,0,0,0,479.625,0,0,0,0,0,0,0,0,0,0
CA-2013-109743,0,0,0,0,0,0,0,0,0,43.38,0,0,0,0,0
CA-2013-109911,0,0,0,0,0,0,0,0,0,10.96,0,0,0,0,0
CA-2013-110254,0,0,0,0,0,0,0,0,0,0,0,0,0,0,0
CA-2013-110492,0,0,0,0,479.625,0,0,0,0,0,0,0,0,0,0
CA-2013-111409,0,0,0,3,3,0,0,0,0,0,0,0,0,0,0
CA-2013-111605,0,0,0,2.61,2.61,0,0,0,0,0,0,0,0,0,0
CA-2013-112102,0,0,0,69.48,448.81,0,0,0,0,0,0,0,0,0,0
CA-2013-112277,0,0,0,0,0,0,0,0,0,43.38,0,0,0,0,0
CA-2013-112676,0,0,0,0,0,0,0,0,0,14.352,0,0,0,0,0
CA-2013-112697,0,0,0,0,0,0,0,0,0,43.38,0,0,0,0,0
CA-2013-113236,0,0,0,0,0,0,0,0,0,43.38,0,0,0,0,0
CA-2013-113292,0,0,0,0,479.625,0,0,0,0,0,0,0,0,0,0
CA-2013-113733,0,0,0,69.48,334.256,0,0,0,0,0,0,0,0,0,0
CA-2013-113747,0,0,0,69.48,185.88,0,0,0,0,0,0,0,0,0,0
CA-2013-113831,0,0,0,0,0,0,0,0,0,43.38,0,0,0,0,0
CA-2013-113845,0,0,0,0,0,0,0,0,0,43.38,0,0,0,0,0
CA-2013-114713,0,0,0,0,0,0,0,0,0,43.38,0,0,0,0,0
CA-2013-115504,0,0,0,0,0,0,0,0,0,12.96,0,0,0,0,0
CA-2013-116232,0,0,0,24.066,24.066,0,0,0,0,0,0,0,0,0,0
CA-2013-116764,0,0,0,0,0,0,0,0,0,9.216,0,0,0,0,0
CA-2013-116918,0,0,0,0,36.364,0,0,0,0,0,0,0,0,0,0
CA-2013-117604,0,0,0,69.48,239.5,0,0,0,0,0,0,0,0,0,0
CA-2013-118073,0,0,0,0,0,0,0,0,0,43.38,0,0,0,0,0
CA-2013-118178,0,0,0,0,0,0,0,0,0,31.086,0,0,0,0,0
CA-2013-118514,0,0,0,69.48,479.625,0,0,0,0,0,0,0,0,0,0
CA-2013-118626,0,0,0,69.48,479.625,0,0,0,0,0,0,0,0,0,0
CA-2013-118934,0,0,0,0,0,0,0,0,0,0,0,0,0,0,0
CA-2013-119074,0,0,0,0,0,0,0,0,0,43.38,0,0,0,0,0
CA-2013-119515,0,0,0,0,15.552,0,0,0,0,0,0,0,0,0,0
CA-2013-119823,0,0,0,0,75.88,0,0,0,0,0,0,0,0,0,0
CA-2013-120873,0,0,0,0,290.98,0,0,0,0,0,0,0,0,0,0
CA-2013-121020,0,0,0,0,0,0,0,0,0,0,0,0,0,0,0
CA-2013-121958,0,0,0,52.136,52.136,0,0,0,0,0,0,0,0,0,0
CA-2013-122518,0,0,0,0,0,0,0,0,0,10.08,0,0,0,0,0
CA-2013-123176,0,0,0,0,31.83,0,0,0,0,0,0,0,0,0,0
CA-2013-123414,0,0,0,0,0,0,0,0,0,0,0,0,0,0,0
CA-2013-123533,0,0,0,0,0,0,0,0,0,0,0,0,0,0,0
CA-2013-123617,0,0,0,0,0,0,0,0,0,7.434,0,0,0,0,0
CA-2013-123946,0,0,0,0,0,0,0,0,0,43.38,0,0,0,0,0
CA-2013-124254,0,0,0,0,0,0,0,0,0,43.38,0,0,0,0,0
CA-2013-124772,0,0,0,0,191.82,0,0,0,0,0,0,0,0,0,0
CA-2013-125017,0,0,0,0,0,0,0,0,0,43.38,0,0,0,0,0
CA-2013-125843,0,0,0,0,125.92,0,0,0,0,0,0,0,0,0,0
CA-2013-127208,0,0,0,0,0,0,0,0,0,43.38,0,0,0,0,0
CA-2013-127698,0,0,0,0,479.625,0,0,0,0,0,0,0,0,0,0
CA-2013-127985,0,0,0,0,0,0,0,0,0,0,0,0,0,0,0
CA-2013-130001,0,0,0,0,0,0,0,0,0,36.24,0,0,0,0,0
CA-2013-130442,0,0,0,0,34.944,0,0,0,0,0,0,0,0,0,0
CA-2013-130820,0,0,0,0,0,0,0,0,0,43.38,0,0,0,0,0
CA-2013-131065,0,0,0,0,479.625,0,0,0,0,0,0,0,0,0,0
CA-2013-131205,0,0,0,69.48,291.74,0,0,0,0,0,0,0,0,0,0
CA-2013-131968,0,0,0,0,0,0,0,0,0,0,0,0,0,0,0
CA-2013-132549,0,0,0,69.48,73.36,0,0,0,0,0,0,0,0,0,0
CA-2013-133123,0,0,0,69.48,99.156,0,0,0,0,0,0,0,0,0,0
CA-2013-133368,0,0,0,69.48,405.344,0,0,0,0,0,0,0,0,0,0
CA-2013-133711,0,0,0,0,0,0,0,0,0,43.38,0,0,0,0,0
CA-2013-133872,0,0,0,0,58.4,0,0,0,0,0,0,0,0,0,0
CA-2013-134208,0,0,0,69.48,396,0,0,0,0,0,0,0,0,0,0
CA-2013-134474,0,0,0,0,0,0,0,0,0,43.38,0,0,0,0,0
CA-2013-134516,0,0,0,0,0,0,0,0,0,43.38,0,0,0,0,0
CA-2013-134789,0,0,0,0,0,0,0,0,0,0,0,0,0,0,0
CA-2013-135636,0,0,0,69.48,387.72,0,0,0,0,0,0,0,0,0,0
CA-2013-136126,0,0,0,0,0,0,0,0,0,0,0,0,0,0,0
CA-2013-136231,0,0,0,0,228.586,0,0,0,0,0,0,0,0,0,0
CA-2013-136322,0,0,0,0,0,0,0,0,0,0,0,0,0,0,0
CA-2013-136483,0,0,0,4.704,4.704,0,0,0,0,0,0,0,0,0,0
CA-2013-137043,0,0,0,0,479.625,0,0,0,0,0,0,0,0,0,0
CA-2013-137736,0,0,0,41.86,41.86,0,0,0,0,0,0,0,0,0,0
CA-2013-138695,0,0,0,0,0,0,0,0,0,43.38,0,0,0,0,0
CA-2013-139269,0,0,0,0,0,0,0,0,0,0,0,0,0,0,0
CA-2013-139381,0,0,0,69.48,233.48,0,0,0,0,0,0,0,0,0,0
CA-2013-139689,0,0,0,0,0,0,0,0,0,40.896,0,0,0,0,0
CA-2013-140543,0,0,0,0,191.88,0,0,0,0,0,0,0,0,0,0
CA-2013-140571,0,0,0,0,0,0,0,0,0,0,0,0,0,0,0
CA-2013-140641,0,0,0,38.19,38.19,0,0,0,0,0,0,0,0,0,0
CA-2013-140928,0,0,0,0,0,0,0,0,0,43.38,0,0,0,0,0
CA-2013-140977,0,0,0,0,0,0,0,0,0,0,0,0,0,0,0
CA-2013-141180,0,0,0,0,7.764,0,0,0,0,0,0,0,0,0,0
CA-2013-142097,0,0,0,0,0,0,0,0,0,43.38,0,0,0,0,0
CA-2013-142370,0,0,0,69.48,254.99,0,0,0,0,0,0,0,0,0,0
CA-2013-142895,0,0,0,69.48,370.184,0,0,0,0,0,0,0,0,0,0
CA-2013-143308,0,0,0,0,10.74,0,0,0,0,0,0,0,0,0,0
CA-2013-143805,0,0,0,0,0,0,0,0,0,43.38,0,0,0,0,0
CA-2013-144344,0,0,0,0,314.393,0,0,0,0,0,0,0,0,0,0
CA-2013-145247,0,0,0,0,79.14,0,0,0,0,0,0,0,0,0,0
CA-2013-145499,0,0,0,0,3.282,0,0,0,0,0,0,0,0,0,0
CA-2013-145709,0,0,0,0,0,0,0,0,0,43.38,0,0,0,0,0
CA-2013-145905,0,0,0,69.48,479.625,0,0,0,0,0,0,0,0,0,0
CA-2013-146143,0,0,0,69.48,133.38,0,0,0,0,0,0,0,0,0,0
CA-2013-146150,0,0,0,69.48,264.18,0,0,0,0,0,0,0,0,0,0
CA-2013-146171,0,0,0,0,0,0,0,0,0,0,0,0,0,0,0
CA-2013-147368,0,0,0,0,479.625,0,0,0,0,0,0,0,0,0,0
CA-2013-148684,0,0,0,69.48,479.625,0,0,0,0,0,0,0,0,0,0
CA-2013-149111,0,0,0,0,0,0,0,0,0,0,0,0,0,0,0
CA-2013-149454,0,0,0,0,0,0,0,0,0,0,0,0,0,0,0
CA-2013-149783,0,0,0,0,131.104,0,0,0,0,0,0,0,0,0,0
CA-2013-149979,0,0,0,0,479.625,0,0,0,0,0,0,0,0,0,0
CA-2013-150000,0,0,0,17.92,17.92,0,0,0,0,0,0,0,0,0,0
CA-2013-151155,0,0,0,0,0,0,0,0,0,0,0,0,0,0,0
CA-2013-152156,0,0,0,0,479.625,0,0,0,0,0,0,0,0,0,0
CA-2013-152163,0,0,0,0,85.5,0,0,0,0,0,0,0,0,0,0
CA-2013-152471,0,0,0,0,479.625,0,0,0,0,0,0,0,0,0,0
CA-2013-153318,0,0,0,0,0,0,0,0,0,43.38,0,0,0,0,0
CA-2013-154060,0,0,0,69.48,187.056,0,0,0,0,0,0,0,0,0,0
CA-2013-154403,0,0,0,0,0,0,0,0,0,0,0,0,0,0,0
CA-2013-154690,0,0,0,0,225.296,0,0,0,0,0,0,0,0,0,0
CA-2013-155138,0,0,0,69.48,99.872,0,0,0,0,0,0,0,0,0,0
CA-2013-155439,0,0,0,0,0,0,0,0,0,0,0,0,0,0,0
CA-2013-155670,0,0,0,0,21.504,0,0,0,0,0,0,0,0,0,0
CA-2013-156503,0,0,0,69.48,305.248,0,0,0,0,0,0,0,0,0,0
CA-2013-156573,0,0,0,60.485,60.485,0,0,0,0,0,0,0,0,0,0
CA-2013-157161,0,0,0,0,0,0,0,0,0,43.38,0,0,0,0,0
CA-2013-157245,0,0,0,69.48,479.625,0,0,0,0,0,0,0,0,0,0
CA-2013-157280,0,0,0,0,479.625,0,0,0,0,0,0,0,0,0,0
CA-2013-157364,0,0,0,0,18.48,0,0,0,0,0,0,0,0,0,0
CA-2013-157588,0,0,0,69.48,88.15,0,0,0,0,0,0,0,0,0,0
CA-2013-157763,0,0,0,0,0,0,0,0,0,43.38,0,0,0,0,0
CA-2013-158841,0,0,0,0,479.625,0,0,0,0,0,0,0,0,0,0
CA-2013-159142,0,0,0,0,0,0,0,0,0,0,0,0,0,0,0
CA-2013-159212,0,0,0,0,0,0,0,0,0,0,0,0,0,0,0
CA-2013-159653,0,0,0,0,14.73,0,0,0,0,0,0,0,0,0,0
CA-2013-159765,0,0,0,0,27.86,0,0,0,0,0,0,0,0,0,0
CA-2013-159891,0,0,0,0,0,0,0,0,0,0,0,0,0,0,0
CA-2013-159989,0,0,0,40.68,40.68,0,0,0,0,0,0,0,0,0,0
CA-2013-160234,0,0,0,69.48,135.95,0,0,0,0,0,0,0,0,0,0
CA-2013-160486,0,0,0,69.48,72.224,0,0,0,0,0,0,0,0,0,0
CA-2013-160598,0,0,0,0,0,0,0,0,0,31.008,0,0,0,0,0
CA-2013-162159,0,0,0,0,0,0,0,0,0,0,0,0,0,0,0
CA-2013-162236,0,0,0,0,0,0,0,0,0,43.38,0,0,0,0,0
CA-2013-162355,0,0,0,0,479.625,0,0,0,0,0,0,0,0,0,0
CA-2013-162747,0,0,0,0,0,0,0,0,0,43.38,0,0,0,0,0
CA-2013-162901,0,0,0,0,0,0,0,0,0,31.4,0,0,0,0,0
CA-2013-163167,0,0,0,0,0,0,0,0,0,43.38,0,0,0,0,0
CA-2013-163174,0,0,0,69.48,186.54,0,0,0,0,0,0,0,0,0,0
CA-2013-163776,0,0,0,69.48,479.625,0,0,0,0,0,0,0,0,0,0
CA-2013-164350,0,0,0,0,0,0,0,0,0,0,0,0,0,0,0
CA-2013-164574,0,0,0,69.48,479.625,0,0,0,0,0,0,0,0,0,0
CA-2013-164735,0,0,0,0,81.2,0,0,0,0,0,0,0,0,0,0
CA-2013-164784,0,0,0,0,377.346,0,0,0,0,0,0,0,0,0,0
CA-2013-165316,0,0,0,0,0,0,0,0,0,43.38,0,0,0,0,0
CA-2013-165470,0,0,0,0,0,0,0,0,0,0,0,0,0,0,0
CA-2013-165827,0,0,0,0,0,0,0,0,0,43.38,0,0,0,0,0
CA-2013-166282,0,0,0,69.48,158.256,0,0,0,0,0,0,0,0,0,0
CA-2013-166380,0,0,0,0,0,0,0,0,0,43.38,0,0,0,0,0
CA-2013-166485,0,0,0,16.496,16.496,0,0,0,0,0,0,0,0,0,0
CA-2013-168536,0,0,0,66.3,66.3,0,0,0,0,0,0,0,0,0,0
CA-2013-168753,0,0,0,0,479.625,0,0,0,0,0,0,0,0,0,0
CA-2013-168893,0,0,0,0,479.625,0,0,0,0,0,0,0,0,0,0
CA-2013-169026,0,0,0,0,0,0,0,0,0,0,0,0,0,0,0
CA-2013-169103,0,0,0,69.48,479.625,0,0,0,0,0,0,0,0,0,0
CA-2013-169334,0,0,0,0,111.672,0,0,0,0,0,0,0,0,0,0
CA-2014-100412,0,0,0,0,0,0,0,0,0,0,0,0,0,0,0
CA-2014-100426,0,0,0,12.48,12.48,0,0,0,0,0,0,0,0,0,0
CA-2014-100622,0,0,0,69.48,479.625,0,0,0,0,0,0,0,0,0,0
CA-2014-100902,0,0,0,69.48,479.625,0,0,0,0,0,0,0,0,0,0
CA-2014-101042,0,0,0,69.48,479.625,0,0,0,0,0,0,0,0,0,0
CA-2014-101210,0,0,0,0,13.152,0,0,0,0,0,0,0,0,0,0
CA-2014-101273,0,0,0,0,14.336,0,0,0,0,0,0,0,0,0,0
CA-2014-101483,0,0,0,0,61.216,0,0,0,0,0,0,0,0,0,0
CA-2014-102204,0,0,0,69.48,479.625,0,0,0,0,0,0,0,0,0,0
CA-2014-102309,0,0,0,0,212.91,0,0,0,0,0,0,0,0,0,0
CA-2014-102554,0,0,0,0,0,0,0,0,0,0,0,0,0,0,0
CA-2014-102610,0,0,0,69.48,248.396,0,0,0,0,0,0,0,0,0,0
CA-2014-102736,0,0,0,69.48,177.08,0,0,0,0,0,0,0,0,0,0
CA-2014-103009,0,0,0,0,0,0,0,0,0,26.4,0,0,0,0,0
CA-2014-103065,0,0,0,0,59.824,0,0,0,0,0,0,0,0,0,0
CA-2014-103212,0,0,0,0,479.625,0,0,0,0,0,0,0,0,0,0
CA-2014-103499,0,0,0,69.48,209.568,0,0,0,0,0,0,0,0,0,0
CA-2014-104318,0,0,0,0,0,0,0,0,0,20.768,0,0,0,0,0
CA-2014-104731,0,0,0,69.48,479.625,0,0,0,0,0,0,0,0,0,0
CA-2014-104864,0,0,0,0,0,0,0,0,0,43.38,0,0,0,0,0
CA-2014-105620,0,0,0,0,141,0,0,0,0,0,0,0,0,0,0
CA-2014-106537,0,0,0,20.736,20.736,0,0,0,0,0,0,0,0,0,0
CA-2014-107167,0,0,0,0,0,0,0,0,0,43.38,0,0,0,0,0
CA-2014-107209,0,0,0,0,194.848,0,0,0,0,0,0,0,0,0,0
CA-2014-107461,0,0,0,0,23.88,0,0,0,0,0,0,0,0,0,0
CA-2014-108035,0,0,0,69.48,479.625,0,0,0,0,0,0,0,0,0,0
CA-2014-108112,0,0,0,69.48,479.625,0,0,0,0,0,0,0,0,0,0
CA-2014-108287,0,0,0,0,12.672,0,0,0,0,0,0,0,0,0,0
CA-2014-108322,0,0,0,0,0,0,0,0,0,26.056,0,0,0,0,0
CA-2014-109183,0,0,0,69.48,479.625,0,0,0,0,0,0,0,0,0,0
CA-2014-109589,0,0,0,0,71,0,0,0,0,0,0,0,0,0,0
CA-2014-110198,0,0,0,0,318.96,0,0,0,0,0,0,0,0,0,0
CA-2014-110212,0,0,0,0,0,0,0,0,0,0,0,0,0,0,0
CA-2014-110310,0,0,0,0,0,0,0,0,0,43.38,0,0,0,0,0
CA-2014-110926,0,0,0,25.06,25.06,0,0,0,0,0,0,0,0,0,0
CA-2014-112774,0,0,0,0,34.504,0,0,0,0,0,0,0,0,0,0
CA-2014-113481,0,0,0,0,0,0,0,0,0,43.38,0,0,0,0,0
CA-2014-113558,0,0,0,0,0,0,0,0,0,0,0,0,0,0,0
CA-2014-113705,0,0,0,0,479.625,0,0,0,0,0,0,0,0,0,0
CA-2014-114055,0,0,0,0,0,0,0,0,0,0,0,0,0,0,0
CA-2014-114412,0,0,0,15.552,15.552,0,0,0,0,0,0,0,0,0,0
CA-2014-114636,0,0,0,69.48,192.16,0,0,0,0,0,0,0,0,0,0
CA-2014-115070,0,0,0,0,0,0,0,0,0,16.739,0,0,0,0,0
CA-2014-115448,0,0,0,0,88.92,0,0,0,0,0,0,0,0,0,0
CA-2014-115882,0,0,0,0,0,0,0,0,0,43.38,0,0,0,0,0
CA-2014-116113,0,0,0,0,0,0,0,0,0,10.16,0,0,0,0,0
CA-2014-116855,0,0,0,69.48,479.625,0,0,0,0,0,0,0,0,0,0
CA-2014-116939,0,0,0,69.48,177.55,0,0,0,0,0,0,0,0,0,0
CA-2014-117079,0,0,0,69.48,479.625,0,0,0,0,0,0,0,0,0,0
CA-2014-117198,0,0,0,69.48,479.625,0,0,0,0,0,0,0,0,0,0
CA-2014-117695,0,0,0,0,0,0,0,0,0,13.76,0,0,0,0,0
CA-2014-118402,0,0,0,69.48,243.92,0,0,0,0,0,0,0,0,0,0
CA-2014-119004,0,0,0,69.48,105.408,0,0,0,0,0,0,0,0,0,0
CA-2014-119284,0,0,0,0,0,0,0,0,0,43.38,0,0,0,0,0
CA-2014-119305,0,0,0,69.48,173.8,0,0,0,0,0,0,0,0,0,0
CA-2014-119669,0,0,0,5.67,5.67,0,0,0,0,0,0,0,0,0,0
CA-2014-120705,0,0,0,0,0,0,0,0,0,0,0,0,0,0,0
CA-2014-120894,0,0,0,28.08,28.08,0,0,0,0,0,0,0,0,0,0
CA-2014-121314,0,0,0,0,251.64,0,0,0,0,0,0,0,0,0,0
CA-2014-121419,0,0,0,0,0,0,0,0,0,0,0,0,0,0,0
CA-2014-121804,0,0,0,69.48,72.8,0,0,0,0,0,0,0,0,0,0
CA-2014-121818,0,0,0,0,52.696,0,0,0,0,0,0,0,0,0,0
CA-2014-122056,0,0,0,69.48,181.86,0,0,0,0,0,0,0,0,0,0
CA-2014-122154,0,0,0,0,284.19,0,0,0,0,0,0,0,0,0,0
CA-2014-122693,0,0,0,0,0,0,0,0,0,43.38,0,0,0,0,0
CA-2014-122707,0,0,0,0,0,0,0,0,0,43.38,0,0,0,0,0
CA-2014-122987,0,0,0,0,80.564,0,0,0,0,0,0,0,0,0,0
CA-2014-122994,0,0,0,0,359.97,0,0,0,0,0,0,0,0,0,0
CA-2014-123239,0,0,0,0,91.032,0,0,0,0,0,0,0,0,0,0
CA-2014-123351,0,0,0,69.48,80.48,0,0,0,0,0,0,0,0,0,0
CA-2014-123687,0,0,0,0,0,0,0,0,0,43.38,0,0,0,0,0
CA-2014-124296,0,0,0,69.48,479.625,0,0,0,0,0,0,0,0,0,0
CA-2014-124597,0,0,0,0,0,0,0,0,0,0,0,0,0,0,0
CA-2014-124765,0,0,0,69.48,479.625,0,0,0,0,0,0,0,0,0,0
CA-2014-124828,0,0,0,0,0,0,0,0,0,9.552,0,0,0,0,0
CA-2014-124898,0,0,0,0,0,0,0,0,0,0,0,0,0,0,0
CA-2014-125472,0,0,0,0,253.86,0,0,0,0,0,0,0,0,0,0
CA-2014-125745,0,0,0,0,0,0,0,0,0,19.52,0,0,0,0,0
CA-2014-125752,0,0,0,0,0,0,0,0,0,0,0,0,0,0,0
CA-2014-126046,0,0,0,0,0,0,0,0,0,12.39,0,0,0,0,0
CA-2014-126354,0,0,0,69.48,119.178,0,0,0,0,0,0,0,0,0,0
CA-2014-126382,0,0,0,0,0,0,0,0,0,35.168,0,0,0,0,0
CA-2014-126774,0,0,0,0,4.89,0,0,0,0,0,0,0,0,0,0
CA-2014-126914,0,0,0,69.48,479.625,0,0,0,0,0,0,0,0,0,0
CA-2014-127306,0,0,0,69.48,175.086,0,0,0,0,0,0,0,0,0,0
CA-2014-127516,0,0,0,0,0,0,0,0,0,0,0,0,0,0,0
CA-2014-127726,0,0,0,0,209.88,0,0,0,0,0,0,0,0,0,0
CA-2014-127803,0,0,0,0,0,0,0,0,0,26.16,0,0,0,0,0
CA-2014-128300,0,0,0,0,0,0,0,0,0,43.38,0,0,0,0,0
CA-2014-128363,0,0,0,69.48,479.625,0,0,0,0,0,0,0,0,0,0
CA-2014-128475,0,0,0,0,0,0,0,0,0,0,0,0,0,0,0
CA-2014-128629,0,0,0,0,18.84,0,0,0,0,0,0,0,0,0,0
CA-2014-128699,0,0,0,0,47.992,0,0,0,0,0,0,0,0,0,0
CA-2014-128755,0,0,0,69.48,479.625,0,0,0,0,0,0,0,0,0,0
CA-2014-128769,0,0,0,0,0,0,0,0,0,43.38,0,0,0,0,0
CA-2014-129021,0,0,0,0,479.625,0,0,0,0,0,0,0,0,0,0
CA-2014-129028,0,0,0,0,0,0,0,0,0,43.38,0,0,0,0,0
CA-2014-129462,0,0,0,0,479.625,0,0,0,0,0,0,0,0,0,0
CA-2014-129490,0,0,0,0,0,0,0,0,0,0,0,0,0,0,0
CA-2014-129910,0,0,0,0,0,0,0,0,0,0,0,0,0,0,0
CA-2014-130309,0,0,0,69.48,479.625,0,0,0,0,0,0,0,0,0,0
CA-2014-130834,0,0,0,0,16.272,0,0,0,0,0,0,0,0,0,0
CA-2014-130904,0,0,0,22.744,22.744,0,0,0,0,0,0,0,0,0,0
CA-2014-132185,0,0,0,52.344,52.344,0,0,0,0,0,0,0,0,0,0
CA-2014-132213,0,0,0,0,0,0,0,0,0,0,0,0,0,0,0
CA-2014-133095,0,0,0,0,0,0,0,0,0,0,0,0,0,0,0
CA-2014-133235,0,0,0,0,271.96,0,0,0,0,0,0,0,0,0,0
CA-2014-133263,0,0,0,0,0,0,0,0,0,43.38,0,0,0,0,0
CA-2014-133501,0,0,0,5.184,5.184,0,0,0,0,0,0,0,0,0,0
CA-2014-133641,0,0,0,48.69,48.69,0,0,0,0,0,0,0,0,0,0
CA-2014-133928,0,0,0,4.572,4.572,0,0,0,0,0,0,0,0,0,0
CA-2014-134096,0,0,0,0,0,0,0,0,0,0,0,0,0,0,0
CA-2014-134495,0,0,0,0,0,0,0,0,0,43.38,0,0,0,0,0
CA-2014-134649,0,0,0,0,0,0,0,0,0,22.63,0,0,0,0,0
CA-2014-134810,0,0,0,0,0,0,0,0,0,43.38,0,0,0,0,0
CA-2014-135587,0,0,0,69.48,372.64,0,0,0,0,0,0,0,0,0,0
CA-2014-136826,0,0,0,0,0,0,0,0,0,14.016,0,0,0,0,0
CA-2014-137631,0,0,0,69.48,479.625,0,0,0,0,0,0,0,0,0,0
CA-2014-138779,0,0,0,0,29.664,0,0,0,0,0,0,0,0,0,0
CA-2014-138975,0,0,0,69.48,479.625,0,0,0,0,0,0,0,0,0,0
CA-2014-139353,0,0,0,0,273.088,0,0,0,0,0,0,0,0,0,0
CA-2014-139493,0,0,0,15.92,15.92,0,0,0,0,0,0,0,0,0,0
CA-2014-139619,0,0,0,0,0,0,0,0,0,43.38,0,0,0,0,0
CA-2014-139787,0,0,0,0,0,0,0,0,0,0,0,0,0,0,0
CA-2014-139948,0,0,0,7.904,7.904,0,0,0,0,0,0,0,0,0,0
CA-2014-140088,0,0,0,0,301.96,0,0,0,0,0,0,0,0,0,0
CA-2014-140627,0,0,0,69.48,303.32,0,0,0,0,0,0,0,0,0,0
CA-2014-140872,0,0,0,69.48,479.625,0,0,0,0,0,0,0,0,0,0
CA-2014-141446,0,0,0,0,0,0,0,0,0,0,0,0,0,0,0
CA-2014-141614,0,0,0,0,0,0,0,0,0,20.736,0,0,0,0,0
CA-2014-142090,0,0,0,69.48,479.625,0,0,0,0,0,0,0,0,0,0
CA-2014-142671,0,0,0,0,0,0,0,0,0,0,0,0,0,0,0
CA-2014-143567,0,0,0,0,0,0,0,0,0,43.38,0,0,0,0,0
CA-2014-143756,0,0,0,0,479.625,0,0,0,0,0,0,0,0,0,0
CA-2014-143861,0,0,0,17.088,17.088,0,0,0,0,0,0,0,0,0,0
CA-2014-144365,0,0,0,11.68,11.68,0,0,0,0,0,0,0,0,0,0
CA-2014-144456,0,0,0,0,0,0,0,0,0,0,0,0,0,0,0
CA-2014-144498,0,0,0,0,479.625,0,0,0,0,0,0,0,0,0,0
CA-2014-144694,0,0,0,0,253.824,0,0,0,0,0,0,0,0,0,0
CA-2014-145275,0,0,0,14.94,14.94,0,0,0,0,0,0,0,0,0,0
CA-2014-145310,0,0,0,0,7.824,0,0,0,0,0,0,0,0,0,0
CA-2014-145702,0,0,0,0,0,0,0,0,0,43.38,0,0,0,0,0
CA-2014-145737,0,0,0,69.48,163.96,0,0,0,0,0,0,0,0,0,0
CA-2014-146136,0,0,0,24.448,24.448,0,0,0,0,0,0,0,0,0,0
CA-2014-146192,0,0,0,69.48,479.625,0,0,0,0,0,0,0,0,0,0
CA-2014-146458,0,0,0,0,22.96,0,0,0,0,0,0,0,0,0,0
CA-2014-146535,0,0,0,0,0,0,0,0,0,0,0,0,0,0,0
CA-2014-146983,0,0,0,69.48,479.625,0,0,0,0,0,0,0,0,0,0
CA-2014-147228,0,0,0,69.48,458.984,0,0,0,0,0,0,0,0,0,0
CA-2014-147333,0,0,0,0,0,0,0,0,0,43.38,0,0,0,0,0
CA-2014-147361,0,0,0,0,0,0,0,0,0,43.38,0,0,0,0,0
CA-2014-147760,0,0,0,0,0,0,0,0,0,43.38,0,0,0,0,0
CA-2014-148166,0,0,0,0,0,0,0,0,0,0,0,0,0,0,0
CA-2014-148404,0,0,0,0,0,0,0,0,0,0,0,0,0,0,0
CA-2014-148474,0,0,0,0,0,0,0,0,0,0,0,0,0,0,0
CA-2014-148810,0,0,0,0,0,0,0,0,0,43.38,0,0,0,0,0
CA-2014-148922,0,0,0,0,0,0,0,0,0,0,0,0,0,0,0
CA-2014-148999,0,0,0,69.48,419.136,0,0,0,0,0,0,0,0,0,0
CA-2014-149146,0,0,0,0,0,0,0,0,0,0,0,0,0,0,0
CA-2014-149853,0,0,0,33.472,33.472,0,0,0,0,0,0,0,0,0,0
CA-2014-150910,0,0,0,69.48,479.625,0,0,0,0,0,0,0,0,0,0
CA-2014-150931,0,0,0,0,0,0,0,0,0,0,0,0,0,0,0
CA-2014-151211,0,0,0,0,0,0,0,0,0,0,0,0,0,0,0
CA-2014-151218,0,0,0,0,4.464,0,0,0,0,0,0,0,0,0,0
CA-2014-151855,0,0,0,0,0,0,0,0,0,39.252,0,0,0,0,0
CA-2014-152786,0,0,0,40.41,40.41,0,0,0,0,0,0,0,0,0,0
CA-2014-152968,0,0,0,23.08,23.08,0,0,0,0,0,0,0,0,0,0
CA-2014-153339,0,0,0,0,0,0,0,0,0,15.992,0,0,0,0,0
CA-2014-153654,0,0,0,0,0,0,0,0,0,19.008,0,0,0,0,0
CA-2014-154088,0,0,0,26.72,26.72,0,0,0,0,0,0,0,0,0,0
CA-2014-154123,0,0,0,0,0,0,0,0,0,0,0,0,0,0,0
CA-2014-154816,0,0,0,0,0,0,0,0,0,5.78,0,0,0,0,0
CA-2014-155089,0,0,0,0,0,0,0,0,0,0,0,0,0,0,0
CA-2014-155159,0,0,0,0,48.87,0,0,0,0,0,0,0,0,0,0
CA-2014-155292,0,0,0,0,0,0,0,0,0,0,0,0,0,0,0
CA-2014-155698,0,0,0,0,0,0,0,0,0,43.38,0,0,0,0,0
CA-2014-155705,0,0,0,0,479.625,0,0,0,0,0,0,0,0,0,0
CA-2014-155824,0,0,0,0,0,0,0,0,0,43.38,0,0,0,0,0
CA-2014-156272,0,0,0,0,0,0,0,0,0,43.38,0,0,0,0,0
CA-2014-156769,0,0,0,0,54.66,0,0,0,0,0,0,0,0,0,0
CA-2014-157854,0,0,0,0,0,0,0,0,0,43.38,0,0,0,0,0
CA-2014-157931,0,0,0,0,0,0,0,0,0,0,0,0,0,0,0
CA-2014-158386,0,0,0,69.48,124.75,0,0,0,0,0,0,0,0,0,0
CA-2014-158407,0,0,0,0,0,0,0,0,0,43.38,0,0,0,0,0
CA-2014-158561,0,0,0,0,0,0,0,0,0,43.38,0,0,0,0,0
CA-2014-158729,0,0,0,0,479.625,0,0,0,0,0,0,0,0,0,0
CA-2014-158743,0,0,0,69.48,199.17,0,0,0,0,0,0,0,0,0,0
CA-2014-158883,0,0,0,0,25.344,0,0,0,0,0,0,0,0,0,0
CA-2014-158967,0,0,0,0,19.104,0,0,0,0,0,0,0,0,0,0
CA-2014-159100,0,0,0,0,0,0,0,0,0,43.38,0,0,0,0,0
CA-2014-159135,0,0,0,0,0,0,0,0,0,0,0,0,0,0,0
CA-2014-159464,0,0,0,0,0,0,0,0,0,43.38,0,0,0,0,0
CA-2014-159667,0,0,0,0,0,0,0,0,0,0,0,0,0,0,0
CA-2014-159954,0,0,0,2.78,2.78,0,0,0,0,0,0,0,0,0,0
CA-2014-160017,0,0,0,0,0,0,0,0,0,10.368,0,0,0,0,0
CA-2014-160423,0,0,0,0,0,0,0,0,0,0,0,0,0,0,0
CA-2014-160458,0,0,0,0,25.92,0,0,0,0,0,0,0,0,0,0
CA-2014-160724,0,0,0,0,0,0,0,0,0,34.5,0,0,0,0,0
CA-2014-160899,0,0,0,0,0,0,0,0,0,0,0,0,0,0,0
CA-2014-161046,0,0,0,0,0,0,0,0,0,43.38,0,0,0,0,0
CA-2014-161053,0,0,0,0,479.625,0,0,0,0,0,0,0,0,0,0
CA-2014-161088,0,0,0,0,0,0,0,0,0,0,0,0,0,0,0
CA-2014-161130,0,0,0,0,0,0,0,0,0,43.38,0,0,0,0,0
CA-2014-161200,0,0,0,0,161.14,0,0,0,0,0,0,0,0,0,0
CA-2014-161592,0,0,0,0,0,0,0,0,0,8.1,0,0,0,0,0
CA-2014-161851,0,0,0,0,0,0,0,0,0,15.57,0,0,0,0,0
CA-2014-161970,0,0,0,30.9,30.9,0,0,0,0,0,0,0,0,0,0
CA-2014-162033,0,0,0,0,0,0,0,0,0,0,0,0,0,0,0
CA-2014-162173,0,0,0,69.48,479.625,0,0,0,0,0,0,0,0,0,0
CA-2014-162635,0,0,0,0,10.816,0,0,0,0,0,0,0,0,0,0
CA-2014-163321,0,0,0,0,79.992,0,0,0,0,0,0,0,0,0,0
CA-2014-163335,0,0,0,0,79,0,0,0,0,0,0,0,0,0,0
CA-2014-163510,0,0,0,0,400.39,0,0,0,0,0,0,0,0,0,0
CA-2014-163629,0,0,0,0,0,0,0,0,0,43.38,0,0,0,0,0
CA-2014-164756,0,0,0,0,0,0,0,0,0,43.38,0,0,0,0,0
CA-2014-164917,0,0,0,0,0,0,0,0,0,43.38,0,0,0,0,0
CA-2014-165029,0,0,0,0,0,0,0,0,0,12.84,0,0,0,0,0
CA-2014-165204,0,0,0,0,479.625,0,0,0,0,0,0,0,0,0,0
CA-2014-165687,0,0,0,35.04,35.04,0,0,0,0,0,0,0,0,0,0
CA-2014-165715,0,0,0,32.776,32.776,0,0,0,0,0,0,0,0,0,0
CA-2014-165904,0,0,0,0,0,0,0,0,0,0,0,0,0,0,0
CA-2014-167871,0,0,0,47.328,47.328,0,0,0,0,0,0,0,0,0,0
CA-2014-167941,0,0,0,0,479.625,0,0,0,0,0,0,0,0,0,0
CA-2014-168102,0,0,0,0,0,0,0,0,0,43.38,0,0,0,0,0
CA-2014-168389,0,0,0,0,0,0,0,0,0,43.38,0,0,0,0,0
CA-2014-169005,0,0,0,5.56,5.56,0,0,0,0,0,0,0,0,0,0
CA-2014-169012,0,0,0,0,0,0,0,0,0,41.91,0,0,0,0,0
US-2011-102715,0,0,0,0,479.625,0,0,0,0,0,0,0,0,0,0
US-2011-107405,0,0,0,0,0,0,0,0,0,16.272,0,0,0,0,0
US-2011-109162,0,0,0,0,0,0,0,0,0,43.38,0,0,0,0,0
US-2011-114377,0,0,0,0,149.9,0,0,0,0,0,0,0,0,0,0
US-2011-115196,0,0,0,69.48,479.625,0,0,0,0,0,0,0,0,0,0
US-2011-117135,0,0,0,0,425.67,0,0,0,0,0,0,0,0,0,0
US-2011-117170,0,0,0,52.608,52.608,0,0,0,0,0,0,0,0,0,0
US-2011-118997,0,0,0,0,0,0,0,0,0,43.38,0,0,0,0,0
US-2011-125521,0,0,0,0,0,0,0,0,0,0,0,0,0,0,0
US-2011-130358,0,0,0,0,23.12,0,0,0,0,0,0,0,0,0,0
US-2011-138835,0,0,0,0,0,0,0,0,0,0,0,0,0,0,0
US-2011-143581,0,0,0,0,0,0,0,0,0,43.38,0,0,0,0,0
US-2011-147627,0,0,0,69.48,479.625,0,0,0,0,0,0,0,0,0,0
US-2011-147774,0,0,0,0,0,0,0,0,0,43.38,0,0,0,0,0
US-2011-150574,0,0,0,69.48,252.612,0,0,0,0,0,0,0,0,0,0
US-2011-155502,0,0,0,0,0,0,0,0,0,0,0,0,0,0,0
US-2011-155544,0,0,0,69.48,310.528,0,0,0,0,0,0,0,0,0,0
US-2011-155817,0,0,0,0,0,0,0,0,0,0,0,0,0,0,0
US-2011-156216,0,0,0,0,0,0,0,0,0,18.648,0,0,0,0,0
US-2011-156559,0,0,0,69.48,479.625,0,0,0,0,0,0,0,0,0,0
US-2011-157231,0,0,0,0,0,0,0,0,0,43.38,0,0,0,0,0
US-2011-158057,0,0,0,59.109,59.109,0,0,0,0,0,0,0,0,0,0
US-2011-164763,0,0,0,0,0,0,0,0,0,43.38,0,0,0,0,0
US-2011-165659,0,0,0,69.48,479.625,0,0,0,0,0,0,0,0,0,0
US-2011-167633,0,0,0,15.552,15.552,0,0,0,0,0,0,0,0,0,0
US-2012-106495,0,0,0,0,11.672,0,0,0,0,0,0,0,0,0,0
US-2012-108966,0,0,0,69.48,479.625,0,0,0,0,0,0,0,0,0,0
US-2012-112508,0,0,0,0,0,0,0,0,0,6.992,0,0,0,0,0
US-2012-113327,0,0,0,0,0,0,0,0,0,0,0,0,0,0,0
US-2012-120572,0,0,0,12.828,12.828,0,0,0,0,0,0,0,0,0,0
US-2012-123960,0,0,0,69.48,207.82,0,0,0,0,0,0,0,0,0,0
US-2012-129553,0,0,0,29.97,29.97,0,0,0,0,0,0,0,0,0,0
US-2012-130519,0,0,0,0,0,0,0,0,0,43.38,0,0,0,0,0
US-2012-131842,0,0,0,0,0,0,0,0,0,43.38,0,0,0,0,0
US-2012-134026,0,0,0,69.48,479.625,0,0,0,0,0,0,0,0,0,0
US-2012-136476,0,0,0,0,0,0,0,0,0,43.38,0,0,0,0,0
US-2012-136749,0,0,0,0,433.78,0,0,0,0,0,0,0,0,0,0
US-2012-140851,0,0,0,0,0,0,0,0,0,38.88,0,0,0,0,0
US-2012-145436,0,0,0,69.48,479.625,0,0,0,0,0,0,0,0,0,0
US-2012-148817,0,0,0,0,0,0,0,0,0,43.38,0,0,0,0,0
US-2012-149629,0,0,0,0,0,0,0,0,0,43.38,0,0,0,0,0
US-2012-151435,0,0,0,0,85.98,0,0,0,0,0,0,0,0,0,0
US-2012-158911,0,0,0,0,0,0,0,0,0,16.712,0,0,0,0,0
US-2012-164357,0,0,0,13.12,13.12,0,0,0,0,0,0,0,0,0,0
US-2012-168732,0,0,0,69.48,129.64,0,0,0,0,0,0,0,0,0,0
US-2012-168935,0,0,0,69.48,459.4335,0,0,0,0,0,0,0,0,0,0
US-2013-101616,0,0,0,0,0,0,0,0,0,43.38,0,0,0,0,0
US-2013-102232,0,0,0,0,0,0,0,0,0,43.38,0,0,0,0,0
US-2013-106600,0,0,0,0,354.9,0,0,0,0,0,0,0,0,0,0
US-2013-108504,0,0,0,0,0,0,0,0,0,0,0,0,0,0,0
US-2013-108637,0,0,0,0,0,0,0,0,0,0,0,0,0,0,0
US-2013-109260,0,0,0,0,0,0,0,0,0,0,0,0,0,0,0
US-2013-113649,0,0,0,0,479.625,0,0,0,0,0,0,0,0,0,0
US-2013-116400,0,0,0,0,39.92,0,0,0,0,0,0,0,0,0,0
US-2013-119298,0,0,0,0,59.98,0,0,0,0,0,0,0,0,0,0
US-2013-120929,0,0,0,0,189.882,0,0,0,0,0,0,0,0,0,0
US-2013-121013,0,0,0,69.48,479.625,0,0,0,0,0,0,0,0,0,0
US-2013-123750,0,0,0,0,0,0,0,0,0,0,0,0,0,0,0
US-2013-131891,0,0,0,0,2.214,0,0,0,0,0,0,0,0,0,0
US-2013-132857,0,0,0,6.672,6.672,0,0,0,0,0,0,0,0,0,0
US-2013-134761,0,0,0,0,36.192,0,0,0,0,0,0,0,0,0,0
US-2013-135209,0,0,0,0,0,0,0,0,0,0,0,0,0,0,0
US-2013-135923,0,0,0,69.48,479.625,0,0,0,0,0,0,0,0,0,0
US-2013-137295,0,0,0,69.48,187.228,0,0,0,0,0,0,0,0,0,0
US-2013-138408,0,0,0,0,0,0,0,0,0,43.38,0,0,0,0,0
US-2013-139262,0,0,0,0,0,0,0,0,0,0,0,0,0,0,0
US-2013-140809,0,0,0,0,0,0,0,0,0,43.38,0,0,0,0,0
US-2013-142251,0,0,0,0,32.064,0,0,0,0,0,0,0,0,0,0
US-2013-144393,0,0,0,0,0,0,0,0,0,17.616,0,0,0,0,0
US-2013-146570,0,0,0,0,0,0,0,0,0,0,0,0,0,0,0
US-2013-147991,0,0,0,16.72,16.72,0,0,0,0,0,0,0,0,0,0
US-2013-148803,0,0,0,0,85.224,0,0,0,0,0,0,0,0,0,0
US-2013-148901,0,0,0,0,0,0,0,0,0,43.38,0,0,0,0,0
US-2013-150357,0,0,0,0,0,0,0,0,0,24.703,0,0,0,0,0
US-2013-150567,0,0,0,0,0,0,0,0,0,29.97,0,0,0,0,0
US-2013-153815,0,0,0,0,0,0,0,0,0,43.38,0,0,0,0,0
US-2013-155404,0,0,0,0,0,0,0,0,0,0,0,0,0,0,0
US-2013-156692,0,0,0,0,89.32,0,0,0,0,0,0,0,0,0,0
US-2013-158309,0,0,0,0,0,0,0,0,0,0,0,0,0,0,0
US-2013-159415,0,0,0,0,0,0,0,0,0,43.38,0,0,0,0,0
US-2013-161844,0,0,0,0,0,0,0,0,0,43.38,0,0,0,0,0
US-2013-162677,0,0,0,0,187.616,0,0,0,0,0,0,0,0,0,0
US-2013-164588,0,0,0,12.84,12.84,0,0,0,0,0,0,0,0,0,0
US-2013-164630,0,0,0,0,0,0,0,0,0,43.38,0,0,0,0,0
US-2013-167472,0,0,0,0,479.625,0,0,0,0,0,0,0,0,0,0
US-2013-168620,0,0,0,0,0,0,0,0,0,0,0,0,0,0,0
US-2013-169369,0,0,0,69.48,299.07,0,0,0,0,0,0,0,0,0,0
US-2014-100930,0,0,0,0,0,0,0,0,0,0,0,0,0,0,0
US-2014-102904,0,0,0,69.48,239.92,0,0,0,0,0,0,0,0,0,0
US-2014-105935,0,0,0,69.48,479.625,0,0,0,0,0,0,0,0,0,0
US-2014-108063,0,0,0,0,34.65,0,0,0,0,0,0,0,0,0,0
US-2014-108315,0,0,0,0,0,0,0,0,0,0,0,0,0,0,0
US-2014-109610,0,0,0,0,0,0,0,0,0,43.38,0,0,0,0,0
US-2014-114356,0,0,0,0,0,0,0,0,0,0,0,0,0,0,0
US-2014-115252,0,0,0,0,0,0,0,0,0,30.336,0,0,0,0,0
US-2014-117450,0,0,0,69.48,107.552,0,0,0,0,0,0,0,0,0,0
US-2014-120390,0,0,0,0,0,0,0,0,0,0,0,0,0,0,0
US-2014-120607,0,0,0,0,195.64,0,0,0,0,0,0,0,0,0,0
US-2014-126060,0,0,0,0,0,0,0,0,0,43.38,0,0,0,0,0
US-2014-126179,0,0,0,69.48,311.96,0,0,0,0,0,0,0,0,0,0
US-2014-128118,0,0,0,0,0,0,0,0,0,43.38,0,0,0,0,0
US-2014-128951,0,0,0,0,0,0,0,0,0,43.38,0,0,0,0,0
US-2014-129224,0,0,0,0,0,0,0,0,0,0,0,0,0,0,0
US-2014-132031,0,0,0,0,0,0,0,0,0,0,0,0,0,0,0
US-2014-132297,0,0,0,0,0,0,0,0,0,0,0,0,0,0,0
US-2014-132675,0,0,0,0,0,0,0,0,0,0,0,0,0,0,0
US-2014-133781,0,0,0,0,37.608,0,0,0,0,0,0,0,0,0,0
US-2014-134642,0,0,0,69.48,428.704,0,0,0,0,0,0,0,0,0,0
US-2014-135062,0,0,0,0,229.544,0,0,0,0,0,0,0,0,0,0
US-2014-135503,0,0,0,0,0,0,0,0,0,14.76,0,0,0,0,0
US-2014-135986,0,0,0,69.48,479.625,0,0,0,0,0,0,0,0,0,0
US-2014-136189,0,0,0,69.48,82.38,0,0,0,0,0,0,0,0,0,0
US-2014-146822,0,0,0,49.12,49.12,0,0,0,0,0,0,0,0,0,0
US-2014-146878,0,0,0,12.294,12.294,0,0,0,0,0,0,0,0,0,0
US-2014-148768,0,0,0,0,0,0,0,0,0,0,0,0,0,0,0
US-2014-148831,0,0,0,0,348.56,0,0,0,0,0,0,0,0,0,0
US-2014-149510,0,0,0,69.48,98.446,0,0,0,0,0,0,0,0,0,0
US-2014-152492,0,0,0,0,239.24,0,0,0,0,0,0,0,0,0,0
US-2014-152842,0,0,0,69.48,242.352,0,0,0,0,0,0,0,0,0,0
US-2014-152898,0,0,0,67.9,67.9,0,0,0,0,0,0,0,0,0,0
US-2014-153633,0,0,0,0,2.064,0,0,0,0,0,0,0,0,0,0
US-2014-156083,0,0,0,0,0,0,0,0,0,0,0,0,0,0,0
US-2014-158526,0,0,0,0,479.625,0,0,0,0,0,0,0,0,0,0
US-2014-159205,0,0,0,0,0,0,0,0,0,0,0,0,0,0,0
US-2014-162208,0,0,0,0,0,0,0,0,0,2.896,0,0,0,0,0
US-2014-162558,0,0,0,0,0,0,0,0,0,0,0,0,0,0,0
US-2014-162670,0,0,0,0,0,0,0,0,0,43.38,0,0,0,0,0
US-2014-163195,0,0,0,0,29.16,0,0,0,0,0,0,0,0,0,0
US-2014-165953,0,0,0,69.48,71.096,0,0,0,0,0,0,0,0,0,0
US-2014-166233,0,0,0,24,24,0,0,0,0,0,0,0,0,0,0
US-2014-166611,0,0,0,0,0,0,0,0,0,43.38,0,0,0,0,0
US-2014-167920,0,0,0,0,479.625,0,0,0,0,0,0,0,0,0,0
US-2014-168116,0,0,0,0,0,0,0,0,0,43.38,0,0,0,0,0
US-2014-168690,0,0,0,2.808,2.808,0,0,0,0,0,0,0,0,0,0
Grand Total,0,0,0,69.48,479.625,0,0,0,0,43.38,0,0,0,0,0
